cluster,gene,avg_log2FC,p_val_adj
0,MS4A1,2.41,0.00001
0,CD79A,2.21,0.00003
0,CD74,1.89,0.00020
0,HLA-DRA,1.75,0.00044
0,CD37,1.62,0.00080
1,NKG7,3.11,0.00001
1,GNLY,2.92,0.00001
1,PRF1,2.31,0.00012
1,CTSW,1.88,0.00050
1,TRAC,1.70,0.00110
2,LYZ,3.44,0.00001
2,S100A8,3.05,0.00001
2,S100A9,2.98,0.00001
2,FCN1,2.12,0.00022
2,CTSS,1.76,0.00095
